{"id":6,"timestamp":1693494476,"poolTotalBalance":976922620850602800000,"poolBalance":333333331777790000,"aaveBalance":99666666667543150000,"protocolYield":3507678625518152700,"deposit":8.818837371623786e+26,"depositFromInFlowRate":5.9999999999999615e+25,"depositFromOutFlowRate":0,"inFlowRate":23148148148148,"outFlowRate":23148148148148,"outFlowBuffer":83333333333332800,"yieldTokenIndex":141850,"yieldInFlowRateIndex":1521042467249,"yieldOutFlowRateIndex":637780052643,"yieldAccrued":16440085740000620000,"yieldSnapshot":951140599333332300000,"totalYield":113414942225086940000,"apy":0,"apySpan":26521405}