{"id":7,"timestamp":1696086476,"poolTotalBalance":1.0482862765172705e+21,"poolBalance":333333331777790000,"aaveBalance":99666666667543150000,"protocolYield":4148588295518183400,"deposit":8.906260197369524e+26,"depositFromInFlowRate":1.1999999999999923e+26,"depositFromOutFlowRate":0,"inFlowRate":23148148148148,"outFlowRate":23148148148148,"outFlowBuffer":83333333333332800,"yieldTokenIndex":163851,"yieldInFlowRateIndex":1606583849116,"yieldOutFlowRateIndex":666293846598,"yieldAccrued":20722745996667660000,"yieldSnapshot":1.0227542549984444e+21,"totalYield":134137688221754600000,"apy":0,"apySpan":29113405}