{"id":9,"timestamp":1701270476,"poolTotalBalance":1.045397977518826e+21,"poolBalance":333333331777790000,"aaveBalance":99666666667543150000,"protocolYield":5561939325564850000,"deposit":7.580374128704188e+26,"depositFromInFlowRate":2.3999999999999846e+26,"depositFromOutFlowRate":0,"inFlowRate":23148148148148,"outFlowRate":15432098765432,"outFlowBuffer":55555555555555200,"yieldTokenIndex":209772,"yieldInFlowRateIndex":1964551526397,"yieldOutFlowRateIndex":725808480736,"yieldAccrued":22836538310000000000,"yieldSnapshot":1.0198937337777778e+21,"totalYield":179836038193263480000,"apy":0,"apySpan":34297405}