{"id":8,"timestamp":1698678476,"poolTotalBalance":1.021855154518826e+21,"poolBalance":333333331777790000,"aaveBalance":99666666667543150000,"protocolYield":4855654635564850000,"deposit":8.000942278543066e+26,"depositFromInFlowRate":1.7999999999999884e+26,"depositFromOutFlowRate":0,"inFlowRate":23148148148148,"outFlowRate":23148148148148,"outFlowBuffer":83333333333332800,"yieldTokenIndex":186472,"yieldInFlowRateIndex":1753170753345,"yieldOutFlowRateIndex":695611227443,"yieldAccrued":22861811661508880000,"yieldSnapshot":996323133000000000000,"totalYield":156999499883263460000,"apy":0,"apySpan":31705405}