{"id":3,"timestamp":1674749092,"poolTotalBalance":625405624999999300000,"poolBalance":555555552962983360,"aaveBalance":624988958,"protocolYield":762168750000000000,"deposit":5.23896e+26,"depositFromInFlowRate":9.999999999999935e+25,"depositFromOutFlowRate":0,"inFlowRate":38580246913580,"outFlowRate":38580246913580,"outFlowBuffer":138888888888888000,"yieldTokenIndex":47792,"yieldInFlowRateIndex":19356315489,"yieldOutFlowRateIndex":0,"yieldAccrued":8214485740000000000,"yieldSnapshot":624711180555554900000,"totalYield":24643456250000000000,"apy":0,"apySpan":7776021}